abstract,College Fest,Exams and Curriculum,Discipline and Students,,,,,,,,,,,,,,,,,,,,,,,,,,,,,Discipline and Students
Discuss the purpose and objectives of the college fest.,1,0,0,,,,,,,,,,,,,,,,,,,,,,,,,,,,,
Form an organizing committee comprising staff and faculty members.,1,0,0,,,,,,,,,,,,,,,,,,,,,,,,,,,,,
"Decide on the theme, dates, and duration of the fest.",1,0,0,,,,,,,,,,,,,,,,,,,,,,,,,,,,,
"Allocate responsibilities for various aspects, such as decorations, logistics, and event management.",1,0,0,,,,,,,,,,,,,,,,,,,,,,,,,,,,,
Discuss the budget and explore potential sponsorship opportunities.,1,0,0,,,,,,,,,,,,,,,,,,,,,,,,,,,,,
Review the current curriculum and identify areas for improvement or updates.,0,1,0,,,,,,,,,,,,,,,,,,,,,,,,,,,,,
Discuss feedback from faculty and students regarding the effectiveness of courses.,0,1,0,,,,,,,,,,,,,,,,,,,,,,,,,,,,,
Identify courses or topics that need revision or additional resources.,0,1,0,,,,,,,,,,,,,,,,,,,,,,,,,,,,,
"Discuss methods of assessment and evaluation, including exams and assignments.",0,1,0,,,,,,,,,,,,,,,,,,,,,,,,,,,,,
Address concerns related to grading policies and ensure fairness and consistency.,0,1,0,,,,,,,,,,,,,,,,,,,,,,,,,,,,,
"Address concerns related to student behavior, harassment, or bullying.",0,0,1,,,,,,,,,,,,,,,,,,,,,,,,,,,,,
Review strategies for maintaining a safe and secure campus environment.,0,0,1,,,,,,,,,,,,,,,,,,,,,,,,,,,,,
Discuss mechanisms for reporting and addressing student grievances.,0,0,1,,,,,,,,,,,,,,,,,,,,,,,,,,,,,
Explore opportunities for student leadership and involvement in decision-making processes.,0,0,1,,,,,,,,,,,,,,,,,,,,,,,,,,,,,
Discuss initiatives to promote student well-being and mental health support.,0,0,1,,,,,,,,,,,,,,,,,,,,,,,,,,,,,
