abstract,College Fest,Exams and Curriculum,Discipline and Students
Identify potential collaborations or partnerships with other institutions for curriculum enhancement.,0,1,0
Discuss publicity strategies to ensure maximum participation and attendance.,1,0,1
Allocate resources and infrastructure requirements for the fest.,0,0,0
Discuss the college festival's goals and purpose.,1,0,0
Examine the present curriculum and note any gaps or necessary revisions.,0,1,1
Review feedback from students regarding course offerings and electives.,0,0,0
Discuss procedures for filing and resolving student complaints.,0,0,1
"Address concerns related to student behavior, harassment, or bullying.",0,1,0
Assess the impact of the fest on student engagement and satisfaction.,1,0,1
"Discuss ways to promote critical thinking, problem-solving, and creativity within the curriculum.",0,0,1
Examine and debate the college's behaviour code and disciplinary procedures.,1,0,0
Discuss procedures for filing and resolving student complaints.,0,0,1
Explore opportunities for interdisciplinary learning and collaboration.,0,1,0
Coordination with many departments will assure their participation and backing.,0,1,1
Identify areas of improvement for future college fests.,0,1,1
"Decide on the theme, dates, and duration of the fest.",0,1,1
"Address concerns related to workload, course sequencing, and prerequisites.",1,0,0
Coordinate with different departments to ensure their involvement and support.,1,0,0
Take appropriate action or procedures in response to recent disciplinary events.,0,0,1
Explore ways to promote research and innovation within the curriculum.,0,1,1
Review methods for keeping the campus environment secure and safe.,1,0,0
Address recent disciplinary incidents and take appropriate actions or measures.,0,0,0
"If necessary, discuss problems with substance misuse.",0,0,0
Review strategies for maintaining a safe and secure campus environment.,1,0,1
Discuss the incorporation of cutting-edge educational techniques.,0,0,0
"Address concerns related to student attendance, punctuality, and academic discipline.",0,0,1
Address concerns related to grading policies and ensure fairness and consistency.,1,0,1
"Address concerns related to student behavior, harassment, or bullying.",0,1,1
Talk about how to foster a welcoming and good campus climate.,1,1,0
Investigate possibilities for multidisciplinary cooperation and learning.,0,0,1
Identify courses or topics that need revision or additional resources.,0,0,1
"Discuss issues with discipline in the classroom, punctuality, and student attendance.",0,0,1
Talk about the budget and look at possible sponsorship opportunities.,0,0,1
Review methods for keeping the campus environment secure and safe.,0,1,0
"If necessary, discuss problems with substance misuse.",0,0,1
Review feedback from students regarding course offerings and electives.,1,0,0
Review feedback from previous fests and implement improvements.,0,0,0
"Identify and address issues with student attendance, punctuality, and academic integrity.",0,1,1
Discuss opportunities for student involvement in curriculum development or feedback processes.,1,0,0
Address faculty development needs related to curriculum design and delivery.,0,0,1
Determine which courses or topics require revision or more resources.,0,1,0
Discuss feedback from faculty and students regarding the effectiveness of courses.,0,0,1
Talk about programmes that assist and encourage student wellbeing and mental health.,1,0,0
Identify courses or topics that need revision or additional resources.,0,0,0
Investigate possibilities for student leadership and participation in decision-making.,0,1,0
"Plan engaging activities, competitions, and performances for students.",0,0,1
Identify the needs for faculty development in terms of the creation and delivery of curricula.,0,1,0
Assess the impact of the fest on student engagement and satisfaction.,0,0,0
Exams and assignments are just a few examples of the procedures used for evaluation and assessment.,0,1,1
Address safety and security measures for the event.,0,1,0
Address safety and security measures for the event.,1,0,0
Form an organizing committee comprising staff and faculty members.,0,0,0
Review the current curriculum and identify areas for improvement or updates.,0,0,1
Plan a post-fest celebration or recognition event for participants and organizers.,0,0,1
Create an organising committee made up of personnel and faculty.,1,0,0
"Review the regulations governing attendance, punctuality, and academic honesty.",0,1,0
Address concerns related to grading policies and ensure fairness and consistency.,0,1,0
Discuss feedback from faculty and students regarding the effectiveness of courses.,1,0,0
Discuss methods for infusing real-world experiences into the classroom.,1,0,0
Talk about how clubs and organisations on campus help to foster good behaviour and morals.,1,0,0
Address current disciplinary issues and implement the necessary remedial procedures.,0,1,1
Explore ways to promote research and innovation within the curriculum.,0,1,0
Create a post-festival party or awards ceremony for attendees and organisers.,0,0,0
"In order to improve the festival experience, consider inviting speakers or entertainers.",0,0,1
Allocate resources and infrastructure requirements for the fest.,1,0,0
Review strategies for maintaining a safe and secure campus environment.,0,0,1
"Address issues related to substance abuse, if applicable.",1,0,0
Discuss the budget and explore potential sponsorship opportunities.,0,0,1
Discuss initiatives to promote student well-being and mental health support.,0,0,1
Discuss the role of student organizations and clubs in promoting discipline and positive values.,1,1,0
"Discuss issues with discipline in the classroom, punctuality, and student attendance.",0,1,0
Describe the event's safety and security procedures.,0,0,1
Discuss the college festival's goals and purpose.,1,0,1
"During the festival, establish a feedback method to gauge its success.",1,1,0
Identify potential guest speakers or performers to enhance the fest experience.,0,0,1
"Review attendance policies, punctuality, and academic integrity measures.",0,1,0
Review the effectiveness of counseling services and support systems for students.,0,1,0
Determine which courses or topics require revision or more resources.,1,0,0
Describe the event's safety and security procedures.,0,0,1
"Address issues related to substance abuse, if applicable.",0,0,0
Review methods for preserving a secure campus environment.,0,0,1
Identify courses or topics that need revision or additional resources.,0,0,0
Discuss mechanisms for reporting and addressing student grievances.,0,1,0
Address safety and security measures for the event.,1,0,1
"Talk about the post-fest activities, including reporting, archiving, and acknowledgments.",0,1,1
Pay attention to the needs for faculty development in terms of the creation and delivery of curricula.,1,1,0
Discuss strategies for incorporating practical and hands-on learning experiences.,0,0,1
Discuss publicity strategies to ensure maximum participation and attendance.,1,1,0
"In order to improve the festival experience, consider inviting speakers or entertainers.",0,0,1
"In order to improve the festival experience, consider inviting speakers or entertainers.",0,1,1
Analyse the success of the student assistance and counselling services.,0,0,0
Review methods for keeping the campus environment secure and safe.,0,0,0
Discuss ways to promote ethical behavior and academic integrity.,0,0,1
Discuss the purpose and objectives of the college fest.,0,1,1
Discuss the college festival's goals and purpose.,0,0,1
Coordinate with different departments to ensure their involvement and support.,1,0,0
Discuss the college festival's goals and purpose.,0,1,0
"If necessary, talk about difficulties with substance misuse.",0,0,1
Review methods for keeping the campus environment secure and safe.,0,0,1
"Talk about the post-fest activities, including reporting, archiving, and acknowledgments.",0,1,0
Explore strategies for enhancing student engagement and participation in,0,1,0
Explore opportunities for student leadership and involvement in decision-making processes.,0,0,1
Review methods for keeping the campus environment secure and safe.,1,0,0
Address recent disciplinary incidents and take appropriate actions or measures.,0,0,1
"Choose the festival's theme, dates, and duration.",1,0,0
Explore ways to promote research and innovation within the curriculum.,0,0,1
Identify potential guest speakers or performers to enhance the fest experience.,0,0,0
Exams and assignments are just a few examples of the procedures used for evaluation and assessment.,0,0,0
Discuss the role of student organizations and clubs in promoting discipline and positive values.,0,0,1
Analyse how the festival affected student happiness and involvement.,1,0,0
Talk about strategies to incorporate students in the festival's organisation and planning.,0,0,0
Review strategies for maintaining a safe and secure campus environment.,1,0,0
Assess the impact of the fest on student engagement and satisfaction.,0,0,1
Describe the event's safety and security procedures.,0,1,0
"Discuss ways to promote critical thinking, problem-solving, and creativity within the curriculum.",1,0,0
Talk about the budget and look at possible sponsorship opportunities.,1,0,0
"Talk about the post-fest activities, including reporting, archiving, and acknowledgments.",0,0,1
Discuss the college festival's goals and purpose.,1,0,0
Discuss the opinions of instructors and students regarding the success of the courses.,0,0,1
Exams and assignments are just a few examples of the procedures used for evaluation and assessment.,1,0,0
Talk about programmes that help students' mental health and well-being.,0,1,0
Explore opportunities for interdisciplinary learning and collaboration.,0,1,0
"Address concerns related to student behavior, harassment, or bullying.",0,0,1
Take appropriate action or procedures in response to recent disciplinary events.,0,0,1
Discuss methods for infusing real-world experiences into the classroom.,0,1,0
Review the alignment of the curriculum with industry requirements and job market trends.,0,1,1
"During the festival, establish a feedback method to gauge its success.",0,0,1
Discuss the college festival's goals and purpose.,1,0,0
Set deadlines and a schedule for the various tasks.,1,0,0
Appreciate the efforts of the organizing committee and participants.,1,0,1
Address current disciplinary issues and implement the necessary remedial procedures.,0,0,1
Address faculty development needs related to curriculum design and delivery.,0,0,1
Talk about how clubs and organisations on campus help to foster good behaviour and morals.,1,0,0
Identify areas of improvement for future college fests.,0,1,0
Examine the present curriculum and note any gaps or necessary revisions.,0,0,0
Discuss the integration of new technologies or teaching methodologies.,0,1,0
Address current disciplinary issues and implement the necessary remedial procedures.,0,1,0
Establish a feedback mechanism during the fest to evaluate its success.,1,0,1
Discuss the budget and explore potential sponsorship opportunities.,1,0,0
"Discuss ways to promote critical thinking, problem-solving, and creativity within the curriculum.",1,1,0
Identify courses or topics that need revision or additional resources.,0,1,0
"During the festival, establish a feedback method to gauge its success.",0,0,1
Examine the present curriculum and note any gaps or necessary revisions.,0,1,0
Review methods for keeping the campus environment secure and safe.,1,0,0
"If necessary, talk about difficulties with substance misuse.",0,0,1
"Address any issues with the conduct of students, harassment, or bullying.",0,0,0
"Plan engaging activities, competitions, and performances for students.",1,0,0
Discuss the incorporation of cutting-edge educational techniques.,0,0,1
Identify potential guest speakers or performers to enhance the fest experience.,0,0,0
Discuss the budget and explore potential sponsorship opportunities.,0,1,0
"Create fun exercises, contests, and presentations for the pupils.",0,0,0
"In order to improve the festival experience, consider inviting speakers or entertainers.",1,0,0
Review feedback from previous fests and implement improvements.,0,0,0
Explore ways to promote research and innovation within the curriculum.,0,1,0
Take appropriate action or procedures in response to recent disciplinary events.,0,0,1
Discuss mechanisms for reporting and addressing student grievances.,0,1,0
"Allocate responsibilities for various aspects, such as decorations, logistics, and event management.",1,0,0
Discuss the incorporation of cutting-edge educational techniques.,0,0,1
"Review attendance policies, punctuality, and academic integrity measures.",1,1,0
Discuss initiatives to promote student well-being and mental health support.,0,0,1
Discuss initiatives to promote student well-being and mental health support.,0,1,0
"If necessary, discuss problems with substance misuse.",0,0,1
Discuss the purpose and objectives of the college fest.,0,0,0
"Discuss issues with discipline in the classroom, punctuality, and student attendance.",0,0,0
Describe the event's safety and security procedures.,0,1,0
Review criticism from earlier fests and put it into practise.,0,1,0
Review feedback from previous fests and implement improvements.,1,0,0
"Review the regulations governing attendance, punctuality, and academic honesty.",1,1,0
Coordination with many departments will assure their participation and backing.,1,0,0
Talk about programmes that assist and encourage student wellbeing and mental health.,0,1,0
"Review attendance policies, punctuality, and academic integrity measures.",0,0,0
Discuss the integration of new technologies or teaching methodologies.,0,1,0
Assess the impact of the fest on student engagement and satisfaction.,1,0,0
Investigate possibilities for student leadership and decision-making participation.,1,0,0
Examine the current curriculum and note any areas that could use updating or enhancement.,0,1,0
"Review attendance policies, punctuality, and academic integrity measures.",0,1,0
Talk about programmes that help students' mental health and well-being.,0,0,0
Explore opportunities for interdisciplinary learning and collaboration.,0,0,1
"If necessary, discuss problems with substance misuse.",0,0,1
Discuss the purpose and objectives of the college fest.,1,0,0
Discuss ways to involve students in the planning and execution of the fest.,1,0,0
Form an organizing committee comprising staff and faculty members.,0,1,0
Examine and debate the college's behaviour code and disciplinary procedures.,0,0,1
Discuss the incorporation of cutting-edge educational techniques.,0,1,0
"Data on student performance are discussed, and potential interventions or support systems are identified.",0,0,1
Review feedback from students regarding course offerings and electives.,0,1,0
"Discuss methods of assessment and evaluation, including exams and assignments.",0,0,1
Determine what should be improved for upcoming college festivals.,1,0,0
Discuss the purpose and objectives of the college fest.,1,0,0
"Address issues with grading guidelines, and make sure they're fair and consistent.",0,1,0
"Review attendance policies, punctuality, and academic integrity measures.",1,0,1
Discuss the college festival's goals and purpose.,1,0,0
"Address concerns related to student behavior, harassment, or bullying.",1,0,0
Explore opportunities for industry collaborations and internships.,0,0,1
Explore strategies for enhancing student engagement and participation in,1,0,0
"Decide on the theme, dates, and duration of the fest.",0,0,1
Address recent disciplinary incidents and take appropriate actions or measures.,0,0,1
Talk about strategies to incorporate students in the festival's organisation and planning.,1,0,0
"Assign duties for numerous elements, including event management, logistics, and decoration.",0,1,0
Talk about the procedures for resolving student complaints.,0,1,1
Review and discuss the college's code of conduct and disciplinary policies.,0,0,1
"Data on student performance are discussed, and potential interventions or support systems are identified.",0,1,0
Talk about public relations tactics to guarantee maximum involvement and attendance.,0,0,0
Investigate possibilities for multidisciplinary cooperation and learning.,1,0,0
Review strategies for maintaining a safe and secure campus environment.,0,0,0
Talk about the budget and look at possible sponsorship opportunities.,0,0,0
Address safety and security measures for the event.,1,0,0
Investigate possibilities for multidisciplinary cooperation and learning.,0,0,1
Review methods for preserving a secure campus environment.,0,0,0
"Review attendance policies, punctuality, and academic integrity measures.",0,0,1
Talk about the opinions of instructors and students on the quality of the courses.,0,1,0
Coordination with many departments will assure their participation and backing.,1,0,0
Examine the efficiency of the student support networks and counselling services.,1,0,0
Investigate possibilities for student leadership and participation in decision-making.,0,0,1
Discuss the opinions of instructors and students regarding the success of the courses.,0,0,0
Set aside the necessary materials and infrastructure for the festival.,1,0,0
"Review attendance policies, punctuality, and academic integrity measures.",0,0,0
Talk about programmes that assist and encourage student wellbeing and mental health.,0,0,1
Identify potential guest speakers or performers to enhance the fest experience.,1,0,0
"Discuss ways to promote critical thinking, problem-solving, and creativity within the curriculum.",0,1,0
Discuss strategies for fostering a welcoming and good campus climate.,1,0,0
Review methods for preserving a secure campus environment.,0,0,1
Review methods for keeping the campus environment secure and safe.,0,0,0
Talk about programmes that help students' mental health and well-being.,0,0,1
Address safety and security measures for the event.,0,0,1
Discuss ways to promote ethical behavior and academic integrity.,0,1,0
"Address concerns related to student attendance, punctuality, and academic discipline.",0,0,1
"Talk about the post-fest activities, including reporting, archiving, and acknowledgments.",0,1,1
Create a post-festival party or awards ceremony for attendees and organisers.,1,0,0
"Allocate responsibilities for various aspects, such as decorations, logistics, and event management.",0,0,0
Coordination with many departments will assure their participation and backing.,1,0,0
Discuss initiatives to promote student well-being and mental health support.,0,1,1
Investigate possibilities for student leadership and participation in decision-making.,0,0,0
Explore opportunities for student leadership and involvement in decision-making processes.,1,0,0
Talk about how clubs and organisations on campus help to foster good behaviour and morals.,0,0,1
Review the current curriculum and identify areas for improvement or updates.,0,0,1
Talk about programmes that assist and encourage student wellbeing and mental health.,1,0,0
Determine what should be improved for upcoming college festivals.,0,1,1
Determine which courses or topics require revision or more resources.,0,0,1
Talk about the budget and look at possible sponsorship opportunities.,0,1,0
"Data on student performance are discussed, and potential interventions or support systems are identified.",0,1,0
Examine and debate the college's behaviour code and disciplinary procedures.,0,0,1
"Address issues related to substance abuse, if applicable.",0,0,1
"Address concerns related to student behavior, harassment, or bullying.",0,1,1
Talk about programmes that assist and encourage student wellbeing and mental health.,0,0,0
Allocate resources and infrastructure requirements for the fest.,1,1,0
Talk about programmes that assist and encourage student wellbeing and mental health.,0,0,0
Establish a feedback mechanism during the fest to evaluate its success.,0,0,1
Examine the present curriculum and note any gaps or necessary revisions.,1,0,0
Set deadlines and a schedule for the various tasks.,0,1,1
Discuss mechanisms for reporting and addressing student grievances.,1,0,0
Discuss ways to promote a positive and inclusive college culture.,0,0,1
Review the current curriculum and identify areas for improvement or updates.,1,1,0
Review strategies for maintaining a safe and secure campus environment.,1,0,1
Allocate resources and infrastructure requirements for the fest.,0,1,0
Determine which courses or topics require revision or more resources.,0,1,0
Talk about the opinions of instructors and students on the quality of the courses.,0,1,0
Discuss the budget and explore potential sponsorship opportunities.,0,1,1
Discuss feedback from faculty and students regarding the effectiveness of courses.,0,1,0
Review and discuss the college's code of conduct and disciplinary policies.,1,0,0
"Create fun exercises, contests, and presentations for the pupils.",0,0,0
"Address any issues with bullying, harassment, or disruptive behaviour among students.",1,0,0
Analyse how the festival affected student happiness and involvement.,0,1,1
Explore opportunities for industry collaborations and internships.,1,0,0
Coordinate with different departments to ensure their involvement and support.,0,1,0
Discuss ways to involve students in the planning and execution of the fest.,0,0,0
"Address issues with grading guidelines, and make sure they're fair and consistent.",0,1,1
Talk about the budget and look at possible sponsorship opportunities.,0,0,0
Review methods for keeping the campus environment secure and safe.,1,0,0
The college's behaviour code and disciplinary procedures should be reviewed and discussed.,0,0,1
Examine the present curriculum and note any gaps or necessary revisions.,0,0,1
Coordinate with different departments to ensure their involvement and support.,0,1,0
Investigate possibilities for multidisciplinary cooperation and learning.,1,0,1
Describe the event's safety and security procedures.,0,0,1
"Review attendance policies, punctuality, and academic integrity measures.",0,1,0
Talk about strategies to incorporate students in the festival's organisation and planning.,0,0,1
Explore strategies for enhancing student engagement and participation in,0,0,1
"In order to improve the festival experience, consider inviting speakers or entertainers.",0,0,1
Discuss feedback from faculty and students regarding the effectiveness of courses.,0,0,1
Take appropriate action or procedures in response to recent disciplinary events.,0,0,1
Address safety and security measures for the event.,1,0,1
Assess the impact of the fest on student engagement and satisfaction.,0,0,1
Create an organising committee made up of personnel and faculty.,0,1,0
Address safety and security measures for the event.,0,0,0
Discuss student performance data and identify potential interventions or support mechanisms.,0,0,1
"Discuss methods of assessment and evaluation, including exams and assignments.",0,1,0
Identify potential collaborations or partnerships with other institutions for curriculum enhancement.,1,0,0
"Discuss ways to promote critical thinking, problem-solving, and creativity within the curriculum.",0,0,1
"Choose the festival's theme, dates, and duration.",1,0,0
Talk about the budget and look at possible sponsorship opportunities.,0,1,0
Explore opportunities for interdisciplinary learning and collaboration.,0,0,0
Examine the current curriculum and note any areas that could use updating or enhancement.,0,0,1
Investigate possibilities for student leadership and participation in decision-making.,1,0,0
"If necessary, discuss problems with substance misuse.",0,1,1
Review the effectiveness of counseling services and support systems for students.,0,0,1
Coordination with many departments will assure their participation and backing.,1,1,0
Address recent disciplinary incidents and take appropriate actions or measures.,0,0,1
Discuss the purpose and objectives of the college fest.,1,0,0
Form an organizing committee comprising staff and faculty members.,1,0,0
"Decide on the theme, dates, and duration of the fest.",1,0,0
"Allocate responsibilities for various aspects, such as decorations, logistics, and event management.",1,0,0
Discuss the budget and explore potential sponsorship opportunities.,1,0,0
"Plan engaging activities, competitions, and performances for students.",1,0,0
Identify potential guest speakers or performers to enhance the fest experience.,1,0,0
Discuss publicity strategies to ensure maximum participation and attendance.,1,0,0
Establish a timeline for different tasks and set deadlines.,1,0,0
Coordinate with different departments to ensure their involvement and support.,1,0,0
Allocate resources and infrastructure requirements for the fest.,1,0,0
Address safety and security measures for the event.,1,0,0
Discuss ways to involve students in the planning and execution of the fest.,1,0,0
Review feedback from previous fests and implement improvements.,1,0,0
Establish a feedback mechanism during the fest to evaluate its success.,1,0,0
"Discuss post-fest activities such as reporting, documentation, and acknowledgments.",1,0,0
Plan a post-fest celebration or recognition event for participants and organizers.,1,0,0
Assess the impact of the fest on student engagement and satisfaction.,1,0,0
Identify areas of improvement for future college fests.,1,0,0
Appreciate the efforts of the organizing committee and participants.,1,0,0
Review the current curriculum and identify areas for improvement or updates.,0,1,0
Discuss feedback from faculty and students regarding the effectiveness of courses.,0,1,0
Identify courses or topics that need revision or additional resources.,0,1,0
"Discuss methods of assessment and evaluation, including exams and assignments.",0,1,0
Address concerns related to grading policies and ensure fairness and consistency.,0,1,0
Explore opportunities for interdisciplinary learning and collaboration.,0,1,0
Discuss student performance data and identify potential interventions or support mechanisms.,0,1,0
"Review attendance policies, punctuality, and academic integrity measures.",0,1,0
Discuss strategies for incorporating practical and hands-on learning experiences.,0,1,0
Explore opportunities for industry collaborations and internships.,0,1,0
Discuss the integration of new technologies or teaching methodologies.,0,1,0
Address faculty development needs related to curriculum design and delivery.,0,1,0
Review feedback from students regarding course offerings and electives.,0,1,0
"Discuss ways to promote critical thinking, problem-solving, and creativity within the curriculum.",0,1,0
Review the alignment of the curriculum with industry requirements and job market trends.,0,1,0
"Address concerns related to workload, course sequencing, and prerequisites.",0,1,0
Discuss opportunities for student involvement in curriculum development or feedback processes.,0,1,0
Explore ways to promote research and innovation within the curriculum.,0,1,0
Review the effectiveness of support services for students struggling with the curriculum.,0,1,0
Identify potential collaborations or partnerships with other institutions for curriculum enhancement.,0,1,0
Review and discuss the college's code of conduct and disciplinary policies.,0,0,1
Address recent disciplinary incidents and take appropriate actions or measures.,0,0,1
Discuss ways to promote a positive and inclusive college culture.,0,0,1
"Address concerns related to student behavior, harassment, or bullying.",0,0,1
Review strategies for maintaining a safe and secure campus environment.,0,0,1
Discuss mechanisms for reporting and addressing student grievances.,0,0,1
Explore opportunities for student leadership and involvement in decision-making processes.,0,0,1
Discuss initiatives to promote student well-being and mental health support.,0,0,1
"Address concerns related to student attendance, punctuality, and academic discipline.",0,0,1
Discuss the role of student organizations and clubs in promoting discipline and positive values.,0,0,1
Review the effectiveness of counseling services and support systems for students.,0,0,1
"Address issues related to substance abuse, if applicable.",0,0,1
Discuss ways to promote ethical behavior and academic integrity.,0,0,1
Explore strategies for enhancing student engagement and participation in,0,0,1
Discuss the college festival's goals and purpose.,1,0,0
Create an organising committee made up of personnel and faculty.,1,0,0
"Choose the festival's theme, dates, and duration.",1,0,0
"Assign duties for numerous elements, including event management, logistics, and decoration.",1,0,0
Talk about the budget and look at possible sponsorship opportunities.,1,0,0
"Create fun exercises, contests, and presentations for the pupils.",1,0,0
"In order to improve the festival experience, consider inviting speakers or entertainers.",1,0,0
Talk about public relations tactics to guarantee maximum involvement and attendance.,1,0,0
Set deadlines and a schedule for the various tasks.,1,0,0
Coordination with many departments will assure their participation and backing.,1,0,0
Set aside the necessary materials and infrastructure for the festival.,1,0,0
Describe the event's safety and security procedures.,1,0,0
Talk about strategies to incorporate students in the festival's organisation and planning.,1,0,0
Review criticism from earlier fests and put it into practise.,1,0,0
"During the festival, establish a feedback method to gauge its success.",1,0,0
"Talk about the post-fest activities, including reporting, archiving, and acknowledgments.",1,0,0
Create a post-festival party or awards ceremony for attendees and organisers.,1,0,0
Analyse how the festival affected student happiness and involvement.,1,0,0
Determine what should be improved for upcoming college festivals.,1,0,0
Appreciate the participants' and the organising committee's efforts.,0,1,0
Examine the current curriculum and note any areas that could use updating or enhancement.,0,1,0
Examine the present curriculum and note any gaps or necessary revisions.,0,1,0
Talk about the opinions of instructors and students on the quality of the courses.,0,1,0
Discuss the opinions of instructors and students regarding the success of the courses.,0,1,0
Determine which courses or topics require revision or more resources.,0,1,0
Exams and assignments are just a few examples of the procedures used for evaluation and assessment.,0,1,0
Pay attention to the needs for faculty development in terms of the creation and delivery of curricula.,0,1,0
"Address issues with grading guidelines, and make sure they're fair and consistent.",0,1,0
Investigate possibilities for multidisciplinary cooperation and learning.,0,1,0
"Data on student performance are discussed, and potential interventions or support systems are identified.",0,1,0
"Review the regulations governing attendance, punctuality, and academic honesty.",0,1,0
Discuss methods for infusing real-world experiences into the classroom.,0,1,0
Investigate possibilities for industrial partnerships and internships.,0,1,0
Discuss the incorporation of cutting-edge educational techniques.,0,1,0
Identify the needs for faculty development in terms of the creation and delivery of curricula.,0,1,0
Examine and debate the college's behaviour code and disciplinary procedures.,0,0,1
Address current disciplinary issues and implement the necessary remedial procedures.,0,0,1
Talk about how to foster a welcoming and good campus climate.,0,0,1
"Address any issues with bullying, harassment, or disruptive behaviour among students.",0,0,1
Review methods for keeping the campus environment secure and safe.,0,0,1
Discuss procedures for filing and resolving student complaints.,0,0,1
Investigate possibilities for student leadership and participation in decision-making.,0,0,1
Talk about programmes that help students' mental health and well-being.,0,0,1
"Discuss issues with discipline in the classroom, punctuality, and student attendance.",0,0,1
Talk about how clubs and organisations on campus help to foster good behaviour and morals.,0,0,1
Examine the efficiency of the student support networks and counselling services.,0,0,1
"If necessary, discuss problems with substance misuse.",0,0,1
The college's behaviour code and disciplinary procedures should be reviewed and discussed.,0,0,1
Take appropriate action or procedures in response to recent disciplinary events.,0,0,1
Discuss strategies for fostering a welcoming and good campus climate.,0,0,1
"Address any issues with the conduct of students, harassment, or bullying.",0,0,1
Review methods for preserving a secure campus environment.,0,0,1
Talk about the procedures for resolving student complaints.,0,0,1
Investigate possibilities for student leadership and decision-making participation.,0,0,1
Talk about programmes that assist and encourage student wellbeing and mental health.,0,0,1
"Identify and address issues with student attendance, punctuality, and academic integrity.",0,0,1
Talk about how clubs and organisations on campus help to promote morals and discipline.,0,0,1
Analyse the success of the student assistance and counselling services.,0,0,1
"If necessary, talk about difficulties with substance misuse.",0,0,1
Investigate possibilities for student leadership and decision-making participation.,0,0,0
Review feedback from students regarding course offerings and electives.,1,0,0
Discuss the college festival's goals and purpose.,0,1,0
Allocate resources and infrastructure requirements for the fest.,1,0,1
Appreciate the efforts of the organizing committee and participants.,0,0,1
Discuss student performance data and identify potential interventions or support mechanisms.,1,0,0
Review methods for preserving a secure campus environment.,1,0,0
Assess the impact of the fest on student engagement and satisfaction.,1,0,0
Create an organising committee made up of personnel and faculty.,0,0,1
Explore opportunities for interdisciplinary learning and collaboration.,0,1,0
Determine what should be improved for upcoming college festivals.,0,1,1
"In order to improve the festival experience, consider inviting speakers or entertainers.",1,0,0
"Address concerns related to workload, course sequencing, and prerequisites.",0,1,0
Review criticism from earlier fests and put it into practise.,1,1,0
Review the effectiveness of counseling services and support systems for students.,0,1,0
"Decide on the theme, dates, and duration of the fest.",1,0,1
Review and discuss the college's code of conduct and disciplinary policies.,0,0,1
"Discuss ways to promote critical thinking, problem-solving, and creativity within the curriculum.",0,0,1
"If necessary, discuss problems with substance misuse.",0,0,1
Determine what should be improved for upcoming college festivals.,0,1,0
Review the effectiveness of counseling services and support systems for students.,0,0,1
"Discuss post-fest activities such as reporting, documentation, and acknowledgments.",0,1,1
Discuss ways to promote ethical behavior and academic integrity.,1,0,1
Talk about the procedures for resolving student complaints.,0,0,1
Review feedback from students regarding course offerings and electives.,0,0,0
Discuss the college festival's goals and purpose.,0,0,1
Discuss initiatives to promote student well-being and mental health support.,0,1,0
"Discuss methods of assessment and evaluation, including exams and assignments.",0,0,0
Identify courses or topics that need revision or additional resources.,0,0,0
"Decide on the theme, dates, and duration of the fest.",0,1,0
Discuss the opinions of instructors and students regarding the success of the courses.,0,0,0
"Allocate responsibilities for various aspects, such as decorations, logistics, and event management.",1,0,1
Talk about programmes that help students' mental health and well-being.,0,1,0
Review the alignment of the curriculum with industry requirements and job market trends.,0,1,0
Allocate resources and infrastructure requirements for the fest.,0,0,1
Review the effectiveness of support services for students struggling with the curriculum.,1,0,0
Discuss procedures for filing and resolving student complaints.,0,0,1
Determine what should be improved for upcoming college festivals.,1,0,0
"Talk about the post-fest activities, including reporting, archiving, and acknowledgments.",0,0,1
Discuss procedures for filing and resolving student complaints.,0,0,1
Review and discuss the college's code of conduct and disciplinary policies.,0,0,1
Talk about the opinions of instructors and students on the quality of the courses.,0,0,1
"Address issues related to substance abuse, if applicable.",0,0,0
Talk about the opinions of instructors and students on the quality of the courses.,0,1,0
"Address issues related to substance abuse, if applicable.",1,0,0
Discuss ways to promote ethical behavior and academic integrity.,0,1,0
"Address concerns related to student attendance, punctuality, and academic discipline.",1,0,1
Discuss the role of student organizations and clubs in promoting discipline and positive values.,0,1,0
"Decide on the theme, dates, and duration of the fest.",0,1,1
Discuss ways to promote a positive and inclusive college culture.,0,1,0
Talk about public relations tactics to guarantee maximum involvement and attendance.,0,0,0
Talk about the procedures for resolving student complaints.,0,1,1
Address faculty development needs related to curriculum design and delivery.,1,0,0
Examine the present curriculum and note any gaps or necessary revisions.,0,0,0
"If necessary, discuss problems with substance misuse.",0,0,1
Discuss strategies for incorporating practical and hands-on learning experiences.,0,1,0
"Address issues with grading guidelines, and make sure they're fair and consistent.",0,1,0
Review criticism from earlier fests and put it into practise.,0,0,0
Establish a timeline for different tasks and set deadlines.,0,1,0
Discuss ways to promote ethical behavior and academic integrity.,0,1,0
Form an organizing committee comprising staff and faculty members.,0,1,0
Talk about public relations tactics to guarantee maximum involvement and attendance.,0,0,0
"Identify and address issues with student attendance, punctuality, and academic integrity.",0,0,1
